{"cameraMode":{"drawMode":0,"name":"Shaded","section":"Shading Mode"},"sceneLighting":true,"audioPlay":false,"sceneViewState":{"showFog":true,"showMaterialUpdate":false,"showSkybox":true,"showFlares":true,"showImageEffects":true,"showParticleSystems":true},"in2DMode":false,"pivot":{"x":-0.623708963394165,"y":-0.7942261695861816,"z":-1.4230575561523438},"rotation":{"x":-0.029664296656847,"y":0.9634273648262024,"z":-0.23761548101902009,"w":-0.12027589231729508},"size":8.15701675415039,"orthographic":false}